0 , http://www.hngp.gov.cn/henan/content?infoId=1494846126117674&channelCode=H610102&bz=0 
1 , http://www.hngp.gov.cn/henan/content?infoId=1494846097349128&channelCode=H610102&bz=0 
2 , http://www.hngp.gov.cn/henan/content?infoId=1494846097464592&channelCode=H610102&bz=0 
3 , http://www.hngp.gov.cn/henan/content?infoId=1494846101181226&channelCode=H610102&bz=0 
4 , http://www.hngp.gov.cn/henan/content?infoId=1494846125983711&channelCode=H610102&bz=0 
5 , http://www.hngp.gov.cn/henan/content?infoId=1498177900186660&channelCode=H610102&bz=0 
6 , http://www.hngp.gov.cn/henan/content?infoId=1498018468781198&channelCode=H610102&bz=0 
7 , http://www.hngp.gov.cn/henan/content?infoId=1497685522081341&channelCode=H610102&bz=0 
8 , http://www.hngp.gov.cn/henan/content?infoId=1494846112212654&channelCode=H610102&bz=0 
9 , http://www.hngp.gov.cn/henan/content?infoId=1494846112609855&channelCode=H610102&bz=0 
10 , http://www.hngp.gov.cn/henan/content?infoId=1494846112496329&channelCode=H610102&bz=0 
11 , http://www.hngp.gov.cn/henan/content?infoId=1494846111546576&channelCode=H610102&bz=0 
12 , http://www.hngp.gov.cn/henan/content?infoId=1494846140146142&channelCode=H610102&bz=0 
13 , http://www.hngp.gov.cn/henan/content?infoId=1494846140956112&channelCode=H610102&bz=0 
14 , http://www.hngp.gov.cn/henan/content?infoId=1497520710408636&channelCode=H610102&bz=0 
15 , http://www.hngp.gov.cn/henan/content?infoId=1497520708302917&channelCode=H610102&bz=0 
16 , http://www.hngp.gov.cn/henan/content?infoId=1498177900310425&channelCode=H610102&bz=0 
17 , http://www.hngp.gov.cn/henan/content?infoId=1494846068149735&channelCode=H610102&bz=0 
18 , http://www.hngp.gov.cn/henan/content?infoId=1498177906356571&channelCode=H610102&bz=0 
19 , http://www.hngp.gov.cn/henan/content?infoId=1494846110970488&channelCode=H610102&bz=0 
20 , http://www.hngp.gov.cn/henan/content?infoId=1494846111899313&channelCode=H610102&bz=0 
21 , http://www.hngp.gov.cn/henan/content?infoId=1494846032411087&channelCode=H610102&bz=0 
22 , http://www.hngp.gov.cn/henan/content?infoId=1494846032156370&channelCode=H610102&bz=0 
23 , http://www.hngp.gov.cn/henan/content?infoId=1494846050012124&channelCode=H610102&bz=0 
24 , http://www.hngp.gov.cn/henan/content?infoId=1498177904986742&channelCode=H610102&bz=0 
25 , http://www.hngp.gov.cn/henan/content?infoId=1494846124705665&channelCode=H760602&bz=0 
26 , http://www.hngp.gov.cn/henan/content?infoId=1494846124505388&channelCode=H610102&bz=0 
27 , http://www.hngp.gov.cn/henan/content?infoId=1497685527859310&channelCode=H680202&bz=0 
28 , http://www.hngp.gov.cn/henan/content?infoId=1494846021292111&channelCode=H610102&bz=0 
29 , http://www.hngp.gov.cn/henan/content?infoId=1494846021404996&channelCode=H610102&bz=0 
30 , http://www.hngp.gov.cn/henan/content?infoId=1494846021363323&channelCode=H610102&bz=0 
31 , http://www.hngp.gov.cn/henan/content?infoId=1494846021004229&channelCode=H610102&bz=0 
32 , http://www.hngp.gov.cn/henan/content?infoId=1497520713401179&channelCode=H750602&bz=0 
33 , http://www.hngp.gov.cn/henan/content?infoId=1494846070434208&channelCode=H610102&bz=0 
34 , http://www.hngp.gov.cn/henan/content?infoId=1494846071034276&channelCode=H610102&bz=0 
35 , http://www.hngp.gov.cn/henan/content?infoId=1494846070940922&channelCode=D250202&bz=0 
36 , http://www.hngp.gov.cn/henan/content?infoId=1494846070366083&channelCode=H610102&bz=0 
37 , http://www.hngp.gov.cn/henan/content?infoId=1494846015270739&channelCode=H740602&bz=0 
38 , http://www.hngp.gov.cn/henan/content?infoId=1494846016257461&channelCode=H610102&bz=0 
39 , http://www.hngp.gov.cn/henan/content?infoId=1494846016236374&channelCode=H610102&bz=0 
40 , http://www.hngp.gov.cn/henan/content?infoId=1494846015129751&channelCode=H740602&bz=0 
41 , http://www.hngp.gov.cn/henan/content?infoId=1494846014655952&channelCode=H610102&bz=0 
42 , http://www.hngp.gov.cn/henan/content?infoId=1494846014710819&channelCode=H610102&bz=0 
43 , http://www.hngp.gov.cn/henan/content?infoId=1494846015384839&channelCode=H740602&bz=0 
44 , http://www.hngp.gov.cn/henan/content?infoId=1497685531950658&channelCode=H610102&bz=0 
45 , http://www.hngp.gov.cn/henan/content?infoId=1494846035704163&channelCode=H610102&bz=0 
46 , http://www.hngp.gov.cn/henan/content?infoId=1494846046994635&channelCode=H610102&bz=0 
47 , http://www.hngp.gov.cn/henan/content?infoId=1494846078556670&channelCode=H610102&bz=0 
48 , http://www.hngp.gov.cn/henan/content?infoId=1494846121047690&channelCode=H750602&bz=0 
49 , http://www.hngp.gov.cn/henan/content?infoId=1494846098506930&channelCode=H610102&bz=0 
50 , http://www.hngp.gov.cn/henan/content?infoId=1494846101148145&channelCode=D250202&bz=0 
51 , http://www.hngp.gov.cn/henan/content?infoId=1498018462890021&channelCode=H610102&bz=0 
52 , http://www.hngp.gov.cn/henan/content?infoId=1498018462934497&channelCode=H610102&bz=0 
53 , http://www.hngp.gov.cn/henan/content?infoId=1498018462907302&channelCode=H610102&bz=0 
